<?xml version="1.0" encoding="UTF-8"?>
<project-private xmlns="http://www.netbeans.org/ns/project-private/1">
    <editor-bookmarks xmlns="http://www.netbeans.org/ns/editor-bookmarks/2" lastBookmarkId="0"/>
    <open-files xmlns="http://www.netbeans.org/ns/projectui-open-files/2">
        <group>
            <file>file:/C:/Users/Alvaro/Downloads/CAFETERIA/src/java/Modelo/NuevaVenta.java</file>
            <file>file:/C:/Users/Alvaro/Downloads/CAFETERIA/web/vistas/inventario-agregarproducto.jsp</file>
            <file>file:/C:/Users/Alvaro/Downloads/CAFETERIA/web/css/nuevo_producto.css</file>
            <file>file:/C:/Users/Alvaro/Downloads/CAFETERIA/src/java/Controlador/Controlador.java</file>
            <file>file:/C:/Users/Alvaro/Downloads/CAFETERIA/web/vistas/agregar-producto.jsp</file>
            <file>file:/C:/Users/Alvaro/Downloads/CAFETERIA/src/java/ModeloDAO/NuevaVentaDAO.java</file>
            <file>file:/C:/Users/Alvaro/Downloads/CAFETERIA/web/vistas/inventario.jsp</file>
        </group>
    </open-files>
</project-private>
